timestamp,level_of_study,year_of_study,study_hours_per_day,study_days_per_week,study_hours_per_week,academic_score,score_category,study_consistency,completes_study_sessions
2026/10/06 8:20:30 AM GMT+3,Bachelor's Degree,Year 1,2.0,3,7.0,60.0,60–69%,Sometimes consistent,Yes
2026/10/06 8:25:03 AM GMT+3,Diploma,Year 1,5.0,5,8.0,70.0,70–79%,Often consistent,Yes
2026/10/06 8:26:40 AM GMT+3,Certificate,Year 2,5.0,6,8.0,65.0,60–69%,Always consistent,Yes
2026/10/06 8:28:31 AM GMT+3,Bachelor's Degree,Year 3,3.0,3,6.0,80.0,80–100%,Often consistent,Sometimes
2026/10/06 8:43:07 AM GMT+3,Diploma,Year 2,2.0,6,12.0,89.0,80–100%,Always consistent,Yes
2026/10/06 8:44:02 AM GMT+3,Bachelor's Degree,Year 1,3.0,4,9.0,70.0,70–79%,Sometimes consistent,Sometimes
2026/10/06 8:46:57 AM GMT+3,Bachelor's Degree,Year 1,2.0,3,6.0,60.0,60–69%,Sometimes consistent,Sometimes
2026/10/06 8:47:34 AM GMT+3,Bachelor's Degree,Year 1,3.0,5,15.0,68.0,60–69%,Often consistent,Yes
2026/10/06 8:48:15 AM GMT+3,Bachelor's Degree,Year 2,2.5,4,10.0,64.0,60–69%,Sometimes consistent,Sometimes
2026/10/06 8:48:48 AM GMT+3,Bachelor's Degree,Year 1,1.0,3,3.0,52.0,50–59%,Rarely consistent,No
2026/10/06 8:49:35 AM GMT+3,Bachelor's Degree,Year 3,4.0,5,20.0,76.0,70–79%,Often consistent,No
2026/10/06 8:50:53 AM GMT+3,Bachelor's Degree,Year 1,1.5,2,3.0,66.0,60–69%,Sometimes consistent,Sometimes
2026/10/06 8:51:30 AM GMT+3,Bachelor's Degree,Year 2,4.0,6,24.0,79.0,70–79%,Always consistent,Yes
2026/10/06 8:53:31 AM GMT+3,Bachelor's Degree,Year 2,3.5,5,17.5,72.0,70–79%,Often consistent,Yes
2026/10/06 8:54:18 AM GMT+3,Bachelor's Degree,Year 1,1.5,2,3.0,49.0,Below 50%,Rarely consistent,No
2026/10/06 8:55:07 AM GMT+3,Bachelor's Degree,Year 1,2.5,3,7.5,61.0,60–69%,Sometimes consistent,Sometimes
2026/10/06 8:55:37 AM GMT+3,Bachelor's Degree,Year 2,5.0,5,25.0,86.0,80–100%,Sometimes consistent,Sometimes
2026/10/06 8:56:26 AM GMT+3,Bachelor's Degree,Year 4+,3.0,4,12.0,69.0,60–69%,Often consistent,Yes
2026/10/06 8:57:01 AM GMT+3,Bachelor's Degree,Year 1,4.0,6,24.0,79.0,70–79%,Always consistent,Yes
2026/10/06 8:58:13 AM GMT+3,Bachelor's Degree,Year 1,2.5,3,7.5,61.0,60–69%,Sometimes consistent,Sometimes
2026/10/06 8:59:28 AM GMT+3,Bachelor's Degree,Year 3,2.0,4,8.0,57.0,50–59%,Sometimes consistent,Sometimes
2026/10/06 8:59:59 AM GMT+3,Bachelor's Degree,Year 2,1.0,2,2.0,47.0,Below 50%,Rarely consistent,No
2026/10/06 9:01:16 AM GMT+3,Bachelor's Degree,Year 1,3.0,4,12.0,63.0,60–69%,Sometimes consistent,Sometimes
2026/10/06 9:02:40 AM GMT+3,Bachelor's Degree,Year 3,5.0,6,30.0,88.0,80–100%,Always consistent,Yes
2026/10/06 9:03:09 AM GMT+3,Bachelor's Degree,Year 2,2.0,3,6.0,54.0,50–59%,Rarely consistent,Sometimes
2026/10/06 9:03:43 AM GMT+3,Bachelor's Degree,Year 1,2.5,4,10.0,62.0,60–69%,Sometimes consistent,Sometimes
2026/10/06 9:04:45 AM GMT+3,Bachelor's Degree,Year 3,4.0,4,16.0,77.0,70–79%,Often consistent,Yes
2026/10/06 9:05:30 AM GMT+3,Bachelor's Degree,Year 2,1.0,3,3.0,45.0,Below 50%,Never consistent,No
2026/10/06 9:06:09 AM GMT+3,Bachelor's Degree,Year 1,3.5,4,14.0,74.0,70–79%,Often consistent,Yes
2026/10/06 9:06:43 AM GMT+3,Bachelor's Degree,Year 1,2.5,4,10.0,62.0,60–69%,Sometimes consistent,Sometimes
2026/10/06 9:07:46 AM GMT+3,Bachelor's Degree,Year 2,1.5,3,4.5,51.0,50–59%,Rarely consistent,No
