"Timestamp","1. Level of study","2. Year of study","3. On average, how many hours do you study outside class per day?","4. How many days per week do you normally study outside class?","5. Approximately how many hours do you study outside class in a typical week?","6. What was your overall percentage in your most recent completed examination or assessment?","7. Which category best describes your most recent academic score?","8. How consistent is your study schedule?","9. Do you normally complete the study sessions you plan?"
"2026/10/06 8:20:30 AM GMT+3","Bachelor's Degree","Year 1","2","3","7","60","60–69%","Sometimes consistent","Yes"
"2026/10/06 8:25:03 AM GMT+3","Diploma","Year 1","5","5","8","70","70–79%","Often consistent","Yes"
"2026/10/06 8:26:40 AM GMT+3","Certificate","Year 2","5","6","8","65","60–69%","Always consistent","Yes"
"2026/10/06 8:28:31 AM GMT+3","Bachelor's Degree","Year 3","3","3","6","80","80–100%","Often consistent","Sometimes"
"2026/10/06 8:43:07 AM GMT+3","Diploma","Year 2","2","6","12","89","80–100%","Always consistent","Yes"
"2026/10/06 8:44:02 AM GMT+3","Bachelor's Degree","Year 1","3","4","9","70","70–79%","Sometimes consistent","Sometimes"
"2026/10/06 8:46:57 AM GMT+3","Bachelor's Degree","Year 1","2","3","6","60","60–69%","Sometimes consistent","Sometimes"
"2026/10/06 8:47:34 AM GMT+3","Bachelor's Degree","Year 1","3","5","15","68","60–69%","Often consistent","Yes"
"2026/10/06 8:48:15 AM GMT+3","Bachelor's Degree","Year 2","2.5","4","10","64","60–69%","Sometimes consistent","Sometimes"
"2026/10/06 8:48:48 AM GMT+3","Bachelor's Degree","Year 1","1","3","3","52","50–59%","Rarely consistent","No"
"2026/10/06 8:49:35 AM GMT+3","Bachelor's Degree","Year 3","4","5","20","76","70–79%","Often consistent","No"
"2026/10/06 8:50:53 AM GMT+3","Bachelor's Degree","Year 1","1.5","2","3","66","60–69%","Sometimes consistent","Sometimes"
"2026/10/06 8:51:30 AM GMT+3","Bachelor's Degree","Year 2","4","6","24","79","70–79%","Always consistent","Yes"
"2026/10/06 8:52:20 AM GMT+3","Bachelor's Degree","Year 1","2","3","6","655","60–69%","Rarely consistent","Sometimes"
"2026/10/06 8:53:31 AM GMT+3","Bachelor's Degree","Year 2","3.5","5","17.5","72","70–79%","Often consistent","Yes"
"2026/10/06 8:54:18 AM GMT+3","Bachelor's Degree","Year 1","1.5","2","3","49","Below 50%","Rarely consistent","No"
"2026/10/06 8:55:07 AM GMT+3","Bachelor's Degree","Year 1","2.5","3","7.5","61","60–69%","Sometimes consistent","Sometimes"
"2026/10/06 8:55:37 AM GMT+3","Bachelor's Degree","Year 2","5","5","25","86","80–100%","Sometimes consistent","Sometimes"
"2026/10/06 8:56:26 AM GMT+3","Bachelor's Degree","Year 4+","3","4","12","69","60–69%","Often consistent","Yes"
"2026/10/06 8:57:01 AM GMT+3","Bachelor's Degree","Year 1","4","6","24","79","70–79%","Always consistent","Yes"
"2026/10/06 8:58:13 AM GMT+3","Bachelor's Degree","Year 1","2.5","3","7.5","61","60–69%","Sometimes consistent","Sometimes"
"2026/10/06 8:59:28 AM GMT+3","Bachelor's Degree","Year 3","2","4","8","57","50–59%","Sometimes consistent","Sometimes"
"2026/10/06 8:59:59 AM GMT+3","Bachelor's Degree","Year 2","1","2","2","47","Below 50%","Rarely consistent","No"
"2026/10/06 9:01:16 AM GMT+3","Bachelor's Degree","Year 1","3","4","12","63","60–69%","Sometimes consistent","Sometimes"
"2026/10/06 9:02:40 AM GMT+3","Bachelor's Degree","Year 3","5","6","30","88","80–100%","Always consistent","Yes"
"2026/10/06 9:03:09 AM GMT+3","Bachelor's Degree","Year 2","2","3","6","54","50–59%","Rarely consistent","Sometimes"
"2026/10/06 9:03:43 AM GMT+3","Bachelor's Degree","Year 1","2.5","4","10","62","60–69%","Sometimes consistent","Sometimes"
"2026/10/06 9:04:45 AM GMT+3","Bachelor's Degree","Year 3","4","4","16","77","70–79%","Often consistent","Yes"
"2026/10/06 9:05:30 AM GMT+3","Bachelor's Degree","Year 2","1","3","3","45","Below 50%","Never consistent","No"
"2026/10/06 9:06:09 AM GMT+3","Bachelor's Degree","Year 1","3.5","4","14","74","70–79%","Often consistent","Yes"
"2026/10/06 9:06:43 AM GMT+3","Bachelor's Degree","Year 1","2.5","4","10","62","60–69%","Sometimes consistent","Sometimes"
"2026/10/06 9:07:46 AM GMT+3","Bachelor's Degree","Year 2","1.5","3","4.5","51","50–59%","Rarely consistent","No"